"userid","userlocation","statusid","statustime","tweet"
"91497792","Utah","856567186726551553","2017-04-24 17:55:06","Instagress seeks revenge. #instagram servers down. Automation suspected. #fakenews @realDonaldTrump war on automation"
"1465286323","Salt Lake City, UT","856567180745261057","2017-04-24 17:55:04","@BBCWorld POTUS LIED HEN HE TOUTED SPACE SCIENCE YESTERDAY - HIS BUDGET AXING OF WORLD SCIENCE, MEDICAL, CANCER, PHARM IS HIS REAL ATTITUDE"
"305877707","Salt Lake City, UT","856566812992880641","2017-04-24 17:53:37","@maga_silverback Impressive resume! I guess Trump graduated before you from Wharton.  Thanks for follow"
"142418890","Utah","856566033141948417","2017-04-24 17:50:31","You deserve a Blodorn, or #BloodEagle @realDonaldTrump"
"843879457991544833","Salt Lake City, UT","856611859750764544","2017-04-24 20:52:37","@SenSchumer @senorrinhatch @SenJohnMcCain @SenFeinstein @SenMikeLee @SenateDems This govnt is RIDICULOUS-@POTUS not looking on USA best ints"
"350944073","Utah","856605988564090880","2017-04-24 20:29:17","This goes w/ anywhere anyone stays,it not to benefit the Trump entps., while in office.what is wrong w/Congress?"
"3230097594","Utah","856604672802648064","2017-04-24 20:24:03","@JingshiW Donald duck head ass"
"1013986122","utah","856603750034685952","2017-04-24 20:20:23","A wall will do absolutely nothing to stop the flow of drugs into the US. They will go by sea to Canada or Miami. Trump knows this."
"15359512","Salt Lake City","856602885840289795","2017-04-24 20:16:57","@realDonaldTrump * Unless you are old or sick."
"781930768100528129","Utah, USA","856600119059243012","2017-04-24 20:05:57","@CNNPolitics Ohhh, so hand-picking a huge group of six (6) voters is all you need to spread opinionistic shots at Trump?  Unreal #fakenews!"
"780574976659197953","Utah, USA","856599606842580992","2017-04-24 20:03:55","@realDonaldTrump What does this even mean?"
"93714886","Salt Lake City, UT","856597485694763008","2017-04-24 19:55:30","@Independent #crybaby and Chief @realDonaldTrump"
"179607750","Tooele, Utah","856597468057698304","2017-04-24 19:55:25","@realDonaldTrump Mr. President:100 days is a media hype record! Ignore it, just keep up the hard work!Now the GOP Congress shd do their job!"
"1118093179","Utah, USA","856596987499630592","2017-04-24 19:53:31","@Scavino45 @DG_TGA @realDonaldTrump @POTUS @jdgreenblatt45 @NStrom45 And also that nice young lady on the right.."
"849203306807382017","Salt Lake City","856596066921271298","2017-04-24 19:49:51","what if donald trump has secretly been banksy the entire time"
"815626367391789056","Northern Utah","856594477565173765","2017-04-24 19:43:32","@DenActivist @BreitbartNews This comment is silly beyond belief!  Trump  is a Capitalist; Bernie is a hypoctitcal Marxist!"
"68526129","School of Medicine U of U Salt Lake City, UT","856592004477734912","2017-04-24 19:33:43","@RogueSNRadvisor I care what he thnks @realDonaldTrump. What I dont care about is the insane drivel constantly flowing out of your mouth."
"18235949","Utah, USA","856591188157112320","2017-04-24 19:30:28","@thehill Has Trump ever been to a national park or monument?"
"3312613560","Salt Lake City, UT","856590805523353600","2017-04-24 19:28:57","@realDonaldTrump What a sad joke you are.  No one laughing over your EPA cuts and dismissal of climate change. #headinthesand"
"14311142","Salt Lake City, Utah","856589007085461506","2017-04-24 19:21:48","I wonder if the POTUS, when writing...puts ""an"" or ""a"" before the word #Huge"
"18235949","Utah, USA","856588866534334464","2017-04-24 19:21:15","@thehill Trump is simply a walking contradiction...who knows if he can be believed at any given moment"
"19999382","Salt Lake City, UT","856588602637074432","2017-04-24 19:20:12","@ScottyJWS @FoxNews NO COINCIDENCE TRUMP WANTS AN AUDIENCE FOR HIS TAX PROGRAM....

#antiPresident"
"835199560016285697","Salt Lake City, UT","856586189658234880","2017-04-24 19:10:36","It is becoming clear to me that we cannot depend on the judicial branch to bring trump &amp; his cronies down. We the citizens must take action"
"847922625107996672","Salt Lake City, UT","856586152429576192","2017-04-24 19:10:27","@SenateDems Re: upcoming White House Meeting on NK. Stop him. This is terrifying. Please, protect your country."
"21290769","Salt Lake City","856580314625327104","2017-04-24 18:47:16","It unwise to say the least. #msnbc #cnn #newsroom #foxnews #fauxnews #resist @realdonaldtrump (3/3)"
"3074930169","Utah, USA","856579500020162560","2017-04-24 18:44:01","@kurteichenwald @realDonaldTrump Deal maker my ass! #VivaMexico"
"17195746","Draper, Utah","856577622762864640","2017-04-24 18:36:34","@realDonaldTrump Sounds like wishing to me."
"309860483","Salt Lake City Ut","856577023069741056","2017-04-24 18:34:11","@realDonaldTrump Grow up"
"3140719786","Salt Lake City, UT","856576219340574722","2017-04-24 18:30:59","So, Trump plan is tax cuts funded by future GDP growth by dynamic scoring. I still remember when Dems did that with ACA. Good times."
"1319660402","Murray, Utah","856569795403071490","2017-04-24 18:05:28","Ivanka Trump &amp; Michelle Obama both bad AF 10/10 would smash either"
"187999251","Salt Lake City, UT","856569293768609792","2017-04-24 18:03:28","@JohnFugelsang @MrAlanCooper Yes, but has anyone told Trump that?"
"91497792","Utah","856567186726551553","2017-04-24 17:55:06","Instagress seeks revenge. #instagram servers down. Automation suspected. #fakenews @realDonaldTrump war on automation"
"1465286323","Salt Lake City, UT","856567180745261057","2017-04-24 17:55:04","@BBCWorld POTUS LIED HEN HE TOUTED SPACE SCIENCE YESTERDAY - HIS BUDGET AXING OF WORLD SCIENCE, MEDICAL, CANCER, PHARM IS HIS REAL ATTITUDE"
"305877707","Salt Lake City, UT","856566812992880641","2017-04-24 17:53:37","@maga_silverback Impressive resume! I guess Trump graduated before you from Wharton.  Thanks for follow"
"142418890","Utah","856566033141948417","2017-04-24 17:50:31","You deserve a Blodorn, or #BloodEagle @realDonaldTrump"
"24125209","Northern Utah / Chautauqua, NY","856564974860124160","2017-04-24 17:46:18","@pbump The Trump Dollar Menu: websites, diplomacy, defense. No wall tho"
"843879457991544833","Salt Lake City, UT","856563719869837312","2017-04-24 17:41:19","@ZekeJMiller @POTUS needs to stop speeding so much money on travel expenses for this flippn family/golf excursions. Govt would have more $$"
"843879457991544833","Salt Lake City, UT","856945303437561856","2017-04-25 18:57:36","@SenMikeLee Excuse me-but we need honest people in the WH and government. Stop covering up for Trump or Repb. Your embossing UT."
"348137765","Salt Lake City, UT","856944039479754752","2017-04-25 18:52:34","@realDonaldTrump Ok trump heres the flaw in your wall plan. The mexicans say no."
"854752103826313216","Utah/Washington D.C.","856943982869323776","2017-04-25 18:52:21","@realDonaldTrump Go fuck yourself you little traitor bitch."
"14304553","Salt Lake City, Utah ","856942996175994880","2017-04-25 18:48:26","Really @realDonaldTrump, Canada? You are such a buffoon."
"317251276","Salt Lake City, UT","856942292216590337","2017-04-25 18:45:38","@senorrinhatch @POTUS44 Oh FFS.   Will you stop your whining.     You did dick to help the previous POTUS.  #obstruction"
"826808861172527104","Utah, USA","856942086918098944","2017-04-25 18:44:49","@realDonaldTrump &amp; #trumpsupporters R not the enemy &amp;R not #FACSITS. #MAGA #FREESPEACH supporters R fighting back, we will defend ourselves."
"494955013","West Jordan Utah","856941078955474945","2017-04-25 18:40:49","@realDonaldTrump Better build a wall.  Oh yeah.  Canadians are too white."
"854752103826313216","Utah/Washington D.C.","856940819252563968","2017-04-25 18:39:47","@GarbanzoGorilla @LawyerRogelio @jasoninthehouse Long, long time. Trump finally gave the ok to go after this scapegoat."
"286383470","Utah","856940650888953857","2017-04-25 18:39:07","@08wvdcfan @TheOrigFRODO @realDonaldTrump Out of his nether regions...just digs around in his shit until something pops out."
"780208199978749953","Great State of Utah","856938572003155968","2017-04-25 18:30:51","Why is @POTUS spending time commemorating Jewish history instead of speaking out against the American historical monuments being removed?"
"195415742","Utah","856936753541677056","2017-04-25 18:23:37","@realDonaldTrump Good"
"1392604188","Salt Lake City, Utah","856936225780801536","2017-04-25 18:21:31","@LindseyGrahamSC Trump Admin &amp; Russia? Anything? We are not going to forget!"
"3311897193","Utah, USA","856936163617128448","2017-04-25 18:21:17","@Brooke_Babineau @HellcatOS1 @Titans247 @OfficialSPGB @POTUS @SecretarySonny @USDA Yes later"
"107586114","West Valley, Utah","856935602385600512","2017-04-25 18:19:03","@dizzygirl812 Trump is president. No amount of stupidity surprises me any more."
"3311897193","Utah, USA","856935363612360704","2017-04-25 18:18:06","@Brooke_Babineau @HellcatOS1 @Titans247 @OfficialSPGB @POTUS @SecretarySonny @USDA Against"
"1233021828","Salt Lake City, UT","856934459928592384","2017-04-25 18:14:30","@Ian_F_Janssen @masterofwarfare @rarmenta_ @POTUS You sound mad. Why are you so mad?"
"3311897193","Utah, USA","856933419372228609","2017-04-25 18:10:22","@Brooke_Babineau @HellcatOS1 @Titans247 @OfficialSPGB @POTUS @SecretarySonny @USDA Countries."
"3311897193","Utah, USA","856932903074226176","2017-04-25 18:08:19","@Brooke_Babineau @HellcatOS1 @Titans247 @OfficialSPGB @POTUS @SecretarySonny @USDA Like this."
"1924805550","Salt Lake City, UT","856930272654180352","2017-04-25 17:57:52","@Impeach_D_Trump @amazonbooks wow, that was quick."
"1233021828","Salt Lake City, UT","856929114392936448","2017-04-25 17:53:16","@MonsieurLeBlac @Scavino45 @POTUS Still here"
"3311897193","Utah, USA","856929109493956608","2017-04-25 17:53:15","@Brooke_Babineau @HellcatOS1 @Titans247 @OfficialSPGB @POTUS @SecretarySonny @USDA Reduced to their confrontational and irrational tactics."
"2275494277","Utah, USA","856928396953124866","2017-04-25 17:50:25","@icydani418 @Israel_kesekwa @StaticDrift @MichaelMikon @nathanTbernard @realDonaldTrump How nice of you to identify yourself."
"3311897193","Utah, USA","856928061475794944","2017-04-25 17:49:05","@Brooke_Babineau @HellcatOS1 @Titans247 @OfficialSPGB @POTUS @SecretarySonny @USDA No liberal has ever honored that criteria"
"3311897193","Utah, USA","856927739923750914","2017-04-25 17:47:48","@Brooke_Babineau @HellcatOS1 @Titans247 @OfficialSPGB @POTUS @SecretarySonny @USDA Why do you need to see his taxes?"
"2891047298","Great Salt Lake City","856927428530155521","2017-04-25 17:46:34","The universal use of ""Not-zees"" is pretty recent phenomenon. Maybe Trump saying ""Nah-zee"" will pave the way for ""Gnat-zee"" to come back."
"2275494277","Utah, USA","856923935853744128","2017-04-25 17:32:41","@peterknox @kenny_1953 @wellturned @WhiteHouse @POTUS You really need to stop listening to CNN."
"160426800","Utah","856919812697542656","2017-04-25 17:16:18","@clintsessentia1 @JGreenblattADL @ADL_National @realDonaldTrump @POTUS Remember when people said that about Barack Obama? Yeah...me neither."
"2275494277","Utah, USA","856918927825399808","2017-04-25 17:12:47","@davesiegel @hale4jesus @realDonaldTrump What fantasyland are you living in?"
"2275494277","Utah, USA","856917635027668993","2017-04-25 17:07:39","@Boricuaex @Titans247 @OfficialSPGB @POTUS @SecretarySonny @USDA Wrong, Obama produced a ""Certificate of live Birth"" not a Birth certificate"
"2219150923","Utah, USA","856917134823243776","2017-04-25 17:05:40","@IvankaTrump Yellow face is really looked down upon @realDonaldTrump"
"839202409675005952","Utah","856911372805824512","2017-04-25 16:42:46","@AynRandPaulRyan @realDonaldTrump Is your life just monitoring President Trump tweets? Jw."
"160426800","Utah","856910362997805056","2017-04-25 16:38:45","@JYSexton Apparently he was hiding his balls in his office, all this time I thought Trump had stolen them and was keeping them at the WH."
"839202409675005952","Utah","856910350301540352","2017-04-25 16:38:42","@realDonaldTrump Everytime the media says some bullshit the wall gets 10 feet higher."
"843879457991544833","Salt Lake City, UT","856908767039938561","2017-04-25 16:32:25","@realDonaldTrump I like a fence - fence sounds good - chain link cheaper to build and easier to install. But still waste of $$$ @JebBush"
"3241840560","Utah, USA","856903195867480064","2017-04-25 16:10:17","@NancyPelosi @realDonaldTrump The fourth person to the right of the circle, in the brown suit, with the black hair."
"1968143634","Utah, USA","856903175164403713","2017-04-25 16:10:12","@brianklaas Come on, why would geography be important for @potus?"
"3241840560","Utah, USA","856902826290667520","2017-04-25 16:08:48","I wish I could have a bot autopost a reply to every @realDonaldTrump @POTUS tweet: ""I know you are but what am I?"""
"24108229","Mascoutah, IL","856899679849787393","2017-04-25 15:56:18","@politico @POLITICOMag Is it b/c our @POTUS can say whatever he wants and get away with it? Are we sinking to his unprofessional ways??"
"2555164123","Salt Lake City","856899034392297472","2017-04-25 15:53:44","@realDonaldTrump would you do a Q&amp;A session hooked up to a lie detector?"
"2435095796","utah","856897645691809792","2017-04-25 15:48:13","@realDonaldTrump you are now going to go after Canada... Really .... You are losing it"
"179607750","Tooele, Utah","856896931800403968","2017-04-25 15:45:23","@realDonaldTrump Ask Ldrs why they take off in August every year? Started over 200 years ago due to NO AIR CONDITIONING! No excuse now w/AC."
"1564067634","Utah, USA","856895608606601216","2017-04-25 15:40:08","@WhiteHouse @POTUS What world are you living in @WhiteHouse This is delusional at best."
"2275494277","Utah, USA","856895470182051840","2017-04-25 15:39:35","@Israel_kesekwa @icydani418 @StaticDrift @MichaelMikon @nathanTbernard @realDonaldTrump I would have to go with ""C- both A and B""."
"2597534192","Utah, USA","856895068753375232","2017-04-25 15:37:59","Oh, my, my, Donald, Naziii? Read left read right, hand in air accentuates each phrase as he reads. Naziiiis?"
"179607750","Tooele, Utah","856894941112537089","2017-04-25 15:37:28","@seanhannity A- for first 100 days. Learning curve plus a sneaky Ryan and other swamp dwellers holding things up!! Hope POTUS takes names!!!"
"705552792308428800","Utah, USA","856894037470531584","2017-04-25 15:33:53","BUILD THE DAMN WALL NOW!
@HouseGOP 
@POTUS"
"705552792308428800","Utah, USA","856893704757321732","2017-04-25 15:32:34","Build the damn wall!  
@POTUS 
@SenateMajLdr 
@SpeakerRyan 
@senorrinhatch 
@SenMikeLee 
@RepMiaLove 
@RepChrisStewart 
@jasoninthehouse"
"725111657446305792","Utah, USA","856892162901815297","2017-04-25 15:26:26","@realDonaldTrump When are you releasing your taxes you promised"
"146141469","Salt Lake City","856892095952334848","2017-04-25 15:26:10","@fsuwin1 @realDonaldTrump Which happens to be totally legal, btw."
"725111657446305792","Utah, USA","856891631336804352","2017-04-25 15:24:19","@realDonaldTrump Have you ever in your whole life done anything for anyone that did not profit you, have you always been such a bully"
"14304553","Salt Lake City, Utah ","856891528727244801","2017-04-25 15:23:55","@realDonaldTrump Do not pick a fight with Canada. Seriously, you are looking like an insecure playground bully picking fights with anyone."
"14304553","Salt Lake City, Utah ","856891322531106818","2017-04-25 15:23:06","@realDonaldTrump The wall will be your lifelong folly. It is a stupid, reactionary idea - and this American will not pay for it."
"3311897193","Utah, USA","856891242386411521","2017-04-25 15:22:47","@Brooke_Babineau @Titans247 @OfficialSPGB @POTUS @SecretarySonny @USDA More long term liberal tactics for sure."
"822647366117445632","Utah","856890789049192448","2017-04-25 15:20:59","@brianmcarey #BuildTheWall #trump #maga @SenateMajLdr @SpeakerRyan WE R SICK TIRED U RINOS OBSTRUCTING TRUMP DO UR JOB OR WE WILL REMOVE U"
"769240562561986560","Utah, USA","856888698486407168","2017-04-25 15:12:40","@IWV @realDonaldTrump If you have wealth alot if you are struggling not a thing."
"459534744","Salt Lake City, UT","856887241041367040","2017-04-25 15:06:53","@NeKap I remember the last time we invaded Canada. They came back and burnt the White House down."
"2275494277","Utah, USA","856886923775881220","2017-04-25 15:05:37","@davesiegel @hale4jesus @realDonaldTrump Was Obama or any other president ever really held to what they said?"
"769240562561986560","Utah, USA","856886705168699393","2017-04-25 15:04:45","@FoxBusiness the only ones I see celebrating are the rich cause P Trump is not doing for the little guy only trickle down economics."
"31719271","Utah","856886653633286144","2017-04-25 15:04:33","@NancyPelosi @realDonaldTrump Nobody believes your lies"
"807311199595397120","Beautiful Utah","856886059900166144","2017-04-25 15:02:11","@davidfrum My understanding is that the dairy farmers in WI disagree. Wrote a letter to Canada as such. Maybe they should tell Trump."
"3311897193","Utah, USA","856885476996689921","2017-04-25 14:59:52","@Brooke_Babineau @Titans247 @OfficialSPGB @POTUS @SecretarySonny @USDA Just using lib-tard tactics. The true babies"
"461682038","Utah","856885141255241728","2017-04-25 14:58:32","@realDonaldTrump The wall is an affront to the whole world, as are you. #embarrassed to be American. #NeverMyPresident"
"461682038","Utah","856884776581480448","2017-04-25 14:57:05","@realDonaldTrump The wall is the stupidest idea ever. Over, under, through, around. Ways to breech your damn wall!"
"362860286","Salt Lake City, Utah","856884322313281536","2017-04-25 14:55:17","@CM_Thrive @MarlaMartinez93 @60Milla @Scavino45 @POTUS @realDonaldTrump @WhiteHouse @USTreasury @stevenmnuchin1 Thanks?"
"461682038","Utah","856884065961627649","2017-04-25 14:54:16","@realDonaldTrump @NASA @AstroPeggy @POTUS And you talk about recycled urine? #classless #clueless #embarrassment"
"1685962902","Utah, USA","856884012182155264","2017-04-25 14:54:03","@WickedestWitch2 @POTUS Yep.... 110% Support for @POTUS or any #US #President past or future"
"461682038","Utah","856883671445393408","2017-04-25 14:52:42","@realDonaldTrump The public are in favor of Obamacare. Wake up and wise up, dude #ashamed of president #warmonger #dictatorinchief"
"595257903","Utah, USA","856882929548406784","2017-04-25 14:49:45","@Floidberger I would rather have the family guy version of Bush than trump"
"838575658477375488","Utah, USA","856882432988991489","2017-04-25 14:47:46","@DeseretNews @DeseretNews The country really needs real news coverage, not coated with an anti-Trump slant. Get your act together."
"97043832","utah","856874577066119168","2017-04-25 14:16:33","@POTUS Mr President. Support our Veterans get them the help they need NOW.  It is imperative that they be supported by their country."
"362860286","Salt Lake City, Utah","856872136392282112","2017-04-25 14:06:51","@MarlaMartinez93 @CM_Thrive @60Milla @Scavino45 @POTUS @realDonaldTrump @WhiteHouse @USTreasury @stevenmnuchin1 Can you give me a list?"
"35758607","Utah County","856871496597331968","2017-04-25 14:04:19","Apparently Donald is antagonizing Canada now. Why? Maybe he hopes to convince _them_ to build a wall on their southern border?"
"2992379172","Utah, USA","856870491570786305","2017-04-25 14:00:19","@realDonaldTrump PLEASE watch least this part 2.  Prophecy NEW!! Q-CAST((PART 2)) Steve Quayle Henry Gruver Russia to Nuke USA"
"806576452690935810","Utah, USA","856869675648659456","2017-04-25 13:57:05","@LadyGirlPerson @realDonaldTrump How about a particle accelerator? Or a Mexican/American cultural appreciation museum?"
"806576452690935810","Utah, USA","856869257682046976","2017-04-25 13:55:25","@realDonaldTrump What makes you think a wall is going to stop anybody? Have you seen the tunnels? Why not build a mex/amer. cultural center?"
"769240562561986560","Utah, USA","856868767397052416","2017-04-25 13:53:28","@POTUS Saturday is 100 days and still no word on allowing homeless to build your wall. Most would doing anything to be working again."
"806576452690935810","Utah, USA","856868354719723521","2017-04-25 13:51:50","@LadyGirlPerson @realDonaldTrump You can blow a big hole in a wall with dynamite."
"139054421","mascoutah, illinois","856868268954574850","2017-04-25 13:51:29","@BenHooperWrites @drb1213 @kellylesick @ShallowGal @realDonaldTrump Deflection"
"362860286","Salt Lake City, Utah","856867732662497281","2017-04-25 13:49:21","@MarlaMartinez93 @Scavino45 @POTUS @realDonaldTrump @WhiteHouse @USTreasury @stevenmnuchin1 Of course not."
"2275494277","Utah, USA","856866914936791040","2017-04-25 13:46:06","@davesiegel @hale4jesus @realDonaldTrump Is that why there are multiple construction companies submitting bids."
"2275494277","Utah, USA","856866332058558469","2017-04-25 13:43:48","@GerberKawasaki @realDonaldTrump You know there are plans in the construction of the wall to prevent tunneling.

Your ignorance is showing."
"836360612988899330","Salt Lake City, UT","856864664377896960","2017-04-25 13:37:10","@realDonaldTrump Bomb the shit out of them."
"1233021828","Salt Lake City, UT","856863687486787584","2017-04-25 13:33:17","@emojiDonalTrump @POTUS Look how mad you are"
"2275494277","Utah, USA","856859564037349376","2017-04-25 13:16:54","@hale4jesus @ColeLedford11 @jeff_hinkley @realDonaldTrump No problem, we will help pay for it and help build it."
"987483512","Utah","856859239368847362","2017-04-25 13:15:36","@realDonaldTrump Oh are you going to build a wall along U.S. &amp; Canada ?"
"987483512","Utah","856858947617271814","2017-04-25 13:14:27","@realDonaldTrump Oh planning on shutting the gov. down with your damn wall ?"
"24025513","Salt Lake City, UT","857312632872644608","2017-04-26 19:17:14","@SenMikeLee @sltrib @realDonaldTrump why do you hate Utah so badly?"
"843879457991544833","Salt Lake City, UT","857312334976434176","2017-04-26 19:16:03","@thomaswburr @sltrib @GovHerbert Oh great, meeting with a traitor (Trump) - Gov Herbert"
"3839330954","Salt Lake City, UT","857311652726792192","2017-04-26 19:13:20","@AgentsofSHIELD great Trump easter egg.  I hate that it made me laugh.  Maybe he is just part of the framework."
"15651678","Salt Lake City, UT, USA","857309207300718592","2017-04-26 19:03:37",". @realDonaldTrump when are you actually going to start creating something good as opposed to destroying what was done before you?"
"793899403413041152","Utah, USA","857308626397954048","2017-04-26 19:01:19","@senorrinhatch @sltrib @POTUS @VP Please keep #BearsEars and #GrandStaircase. Utah is known for nature, and we have to protect that land."
"165091183","West Point, Utah","857307180466188288","2017-04-26 18:55:34","@JayMacNewsShow you sir are no Trump supporter. Do these people ever really listen to the words That come out of your mouth? SMH!"
"36191695","Salt Lake City, Utah","857306308185268224","2017-04-26 18:52:06","@BetterUtah says the EO by @POTUS on monuments puts industry ahead of landscapes and future generations #utpol"
"300520515","Utah, USA","857306187598974976","2017-04-26 18:51:37","@PrisonPlanet Naive, or part of the Trump chess game"
"142560756","Utah, USA","857306174915584005","2017-04-26 18:51:34","@realDonaldTrump @Interior THANK YOU! THANK YOU! THANK YOU!"
"2768950767","Park City Utah USA","857306059865706496","2017-04-26 18:51:07","@realDonaldTrump @Interior Save something for our grandchildren"
"1093174824","Salt Lake City, UT","857305117950738433","2017-04-26 18:47:22","@SenMikeLee @realDonaldTrump This a disgrace"
"796584618686234624","Utah, USA","857304719328292864","2017-04-26 18:45:47","@SecretService When are you going to arrest Trump his family and his administration? Lets speed it up a little."
"21684645","Salt Lake City, UT ","857304692354818048","2017-04-26 18:45:41","@SenMikeLee @realDonaldTrump Your appalling contempt for the people of Utah makes me sick, Senator."
"843879457991544833","Salt Lake City, UT","857304646980837376","2017-04-26 18:45:30","@SenMikeLee @realDonaldTrump This is ridiculous."
"2196646711","Utah, USA","857304612935573504","2017-04-26 18:45:22","@POTUS IRS has to STOP giving massive refunds to illegals with stolen SSN, they pay 0 tax get big refund! Big problem for natl debt"
"34845937","SoJo, Utah","857304485177155584","2017-04-26 18:44:51","I stopped watching @espn a long time ago. I have 2 watch @maxkellerman voice his opinion on POTUS? Stick 2 sports ESPN.. Or should I say CNN"
"21449773","Salt Lake City, UT","857304268088279041","2017-04-26 18:44:00","@DeityFree .Soul inside trump also wears Kim jong un."
"740577573990604802","Salt Lake City, UT","857304186127384576","2017-04-26 18:43:40","@SenMikeLee @realDonaldTrump I find need to rescind you!"
"36191695","Salt Lake City, Utah","857303734954610688","2017-04-26 18:41:53","Please continue to check @DeseretNews for continuing updates to the Bears Ears @POTUS story. More to come #utpol"
"823689518419046400","Utah, USA","857303159512768512","2017-04-26 18:39:35","@realDonaldTrump @Interior Do not waiver, do what you said you would do. Drain the Swamp."
"54375580","North Ogden, Utah","857302901986738176","2017-04-26 18:38:34","@BBCWorld Oh geeze why is Donald bein such a hoser eh?"
"69212995","Salt Lake City, UT","857300495341244417","2017-04-26 18:29:00","@SecretaryZinke @POTUS National monuments are for all american people, not just locals. Federal Land belongs to everyone #MonumentsForAll"
"36191695","Salt Lake City, Utah","857299674562084865","2017-04-26 18:25:44","Reax from @TheTRCP on @POTUS EO: Wants open, transparent process. Controversial monument designations better solved by Congress #utpol"
"36191695","Salt Lake City, Utah","857299298576244736","2017-04-26 18:24:15","Reaction on monuments EO by @POTUS from @SenMikeLee: Confident that review will lead to rescission or alteration to conform with law #utpol"
"794225958853058561","Salt Lake City, UT","857299045382893568","2017-04-26 18:23:14","@SecretaryZinke @POTUS Please, do your research!  #BearsEars  HAS local support!  The people of Utah want this monument.  #mymonuments"
"924705229","Salt lake city ,Kolkata, India","857298353729585152","2017-04-26 18:20:30","@robbystarbuck My fear is that Dems would blame Trump for being pro- corporation , that would create a friction among low income groups"
"21684645","Salt Lake City, UT ","857297407373066240","2017-04-26 18:16:44","@realDonaldTrump @Interior ahhh yes, but did you read what horrific things you are going to do to our country by doing that? No. Figured."
"165566425","Utah","857297134491623424","2017-04-26 18:15:39","@ABC White House unveils *bullet point piece of paper* Fixed that for you, @ABC"
"89790092","Utah, USA","857297133686239232","2017-04-26 18:15:39","@realDonaldTrump @Interior Thank you @realDonaldTrump !"
"53569773","Salt Lake City, Utah","857295304047050752","2017-04-26 18:08:22","@TwiterIsFascist @POTUS @DonaldJTrumpJr @EricTrump @IvankaTrump Thank you Thomas Sowell. a great voice, as usual"
"2196646711","Utah, USA","857295209331253248","2017-04-26 18:08:00","Great tax reform@potus now IRS to stop substituting SSN with asterisk for illegals with stolen SSN for massive refunds! Not paying taxes!"
"808536907231727616","Utah, USA","857294032879222786","2017-04-26 18:03:19","@VP @POTUS I stand  with both of u"
"15740503","Utah","857293648056156161","2017-04-26 18:01:48","Great, Trump is fucking around with the National Parks again..."
"924705229","Salt lake city ,Kolkata, India","857293396032888833","2017-04-26 18:00:48","@DavidMDrucker Sir, will this reform help GOP and Trump?"
"160426800","Utah","857292857740115969","2017-04-26 17:58:39","@Jamesmiltonray @StoneColdTruth Yes, we all love economic destruction. You must have voted for Trump?"
"254541999","Salt Lake City","857292131269976064","2017-04-26 17:55:46","So #Trump wants massive #taxreform but has no idea how he is going to pay for it."
"3226796252","Salt Lake City, UT","857291060535410688","2017-04-26 17:51:31","@espn 2 The good news is, the job market is on an upswing under Trump so the casualties should be able to get a job pretty quickly."
"64251434","Utah","857288213311897600","2017-04-26 17:40:12","@VP @POTUS Goodbye bears ears?"
"845017760237203456","Salt Lake City, UT","857287219513511936","2017-04-26 17:36:15","The only thing #trump has done in his first 100 days is roll back time!! #resist #ImpeachTrump #heisaidiot! #justoutforselfgain"
"533370212","Utah","857285509478875136","2017-04-26 17:29:27","@MollyJongFast @dontfollowmebeh @DebbieM6688 @peplamb @realDonaldTrump come on now...stop the comedy routine! We know you have no thoughts:("
"533370212","Utah","857285179139792896","2017-04-26 17:28:08","@MollyJongFast @peplamb @realDonaldTrump you would do well to pray for yourself..."
"533370212","Utah","857284526917074944","2017-04-26 17:25:33","@Sneakypony @Dougeo101 @JordanUhl @MissMelissaST @realDonaldTrump 2005 Trump paid 38million in taxes because he failed so horribly!  Doh!"
"533370212","Utah","857284179876208640","2017-04-26 17:24:10","@glukayint @Sneakypony @JordanUhl @MissMelissaST @realDonaldTrump susan got in on the ground floor of ulipsis...i know, i never heard of it"
"270462608","Utah, USA","857283464873222144","2017-04-26 17:21:20","Trump to review Antiquities Act. May not protect old relics. Hummm, this should cause great concern among some members of Congress. #utpol"
"54140824","Utah","857283420006862851","2017-04-26 17:21:09","More psychic liberal media declaring their BS about why Trump does what he does"
"533370212","Utah","857283299240169472","2017-04-26 17:20:40","@foreveringrid @Sneakypony @JordanUhl @MissMelissaST @realDonaldTrump that is a very real problem for most libs....or did you forget??"
"533370212","Utah","857283098601340928","2017-04-26 17:19:52","@Sneakypony @JordanUhl @MissMelissaST @realDonaldTrump when you golf at his resorts or stay at one of dozens of his hotels say that loudly.."
"89790092","Utah, USA","857282682614448128","2017-04-26 17:18:13","Thanks to all who have been working to rescind #BearsEars!  Specifically @POTUS @senorrinhatch @SenMikeLee @jasoninthehouse @SOSJUT etc..."
"179607750","Tooele, Utah","857282260243853313","2017-04-26 17:16:33","@glennbeck SEN. CRUZ SOLVES WALL FUND PROBLEM! USE DRUG LORDS $14B PLUS ANY OTHER DRUG MONEY CONFISCATED. TIME FOR HIM TO TWEET TO POTUS!!!!"
"179607750","Tooele, Utah","857281735318355969","2017-04-26 17:14:27","@marklevinshow HOPE SEN. CRUZ SENT A TWEET TO POTUS! HE SOLVED THE WALL FUNDING! USE DRUG LORDS $14B &amp; ADD ANY OTHER DRUG FUNDS CONFISCATED!"
"36191695","Salt Lake City, Utah","857281061985730560","2017-04-26 17:11:47","Reax from @RepRobBishop @POTUS monument order: sends message that communities no longer take a back seat to special interest groups #utpol"
"18129910","Utah","857280775451942912","2017-04-26 17:10:39","@MissMelissaST @Sneakypony @JordanUhl @realDonaldTrump His competition was so corrupt it was a no-brainer"
"179607750","Tooele, Utah","857279069490003968","2017-04-26 17:03:52","@IngrahamAngle SEN. CRUZ SOLVES FUNDING WALL PROBLEM FOR POTUS! USE DRUG LORDS $14B &amp; ANY OTHER DRUG FUNDS CONFISCATED IN THE FUTURE!!!"
"36191695","Salt Lake City, Utah","857278681147781125","2017-04-26 17:02:19","Reax to @POTUS order on monuments by @jasoninthehouse: Strongly supports review of ""gross misuse of outdated law."" #utpol"
"179607750","Tooele, Utah","857278381829660672","2017-04-26 17:01:08","@seanhannity SEN, CRUZ HAS THE SOLUTION FOR FUNDING THE WALL: USE DRUG LORD FUNDS, $14B &amp; ANY OTHER DRUG MONEY FOUND!!! HE SHD TELL POTUS!!!"
"262667520","Salt Lake City ","857277735822962688","2017-04-26 16:58:34","Mr Trump,  please educate yourself in the art of grace...or tact... or try opening your eyes and looking at something  besides a mirror."
"2597182416","Utah","857277641929314304","2017-04-26 16:58:11","@HEELZiggler Is sold acting like trump?"
"179607750","Tooele, Utah","857276714136752128","2017-04-26 16:54:30","@realDonaldTrump Maybe it is time some of these left wing Judges are either brought up on charges of unethical decisions or just FIRED ASAP!"
"36191695","Salt Lake City, Utah","857275420865044480","2017-04-26 16:49:22","@Earthjustice say @POTUS executive order puts monuments on trial so they can be put on the chopping block #utpol"
"22737080","Utah, USA","857275216572989440","2017-04-26 16:48:33","@realDonaldTrump Where you will continue to lose!"
"36191695","Salt Lake City, Utah","857274216772653057","2017-04-26 16:44:35","Reaction on @POTUS order re monuments. Center for Western Priorities calls it an ""assault"" on public lands. Tribes outraged. #utpol"
"191514298","Utah","857273104950808577","2017-04-26 16:40:10","KSL: President Trump about to sign an order to review national monument designations which could impact Utah."
"152901522","st george utah","857271810978533376","2017-04-26 16:35:01","@realDonaldTrump @FLOTUS You mean Ivanka ?"
"806470866154319875","Salt Lake City, UT","857270681414885377","2017-04-26 16:30:32","Trump tax plan, corporate tax rate among OECD countries #trump #maga #100daysofshame #draintheswamp"
"806470866154319875","Salt Lake City, UT","857270093461549056","2017-04-26 16:28:12","In Gettysburg speech, Trump made 100 days of promises. Did he keep them? #trump #maga #100daysofshame"
"1465286323","Salt Lake City, UT","857268753314177024","2017-04-26 16:22:52","I USED TO CAMP IN SO UT REGIONS WHERE CATTLE OVERGRAZED RESULT IN EROSION AND EXTENSIVE STREAM RAPARIAN DESTRUCTION.  - POTUS REVU CRAZY"
"705552792308428800","Utah, USA","857268123774275584","2017-04-26 16:20:22","Time for the nuclear option on legislation since Dems only obstruct everything?Build the Wall.
@POTUS 
@GOP 
@SenateMajLdr 
@SenMikeLee"
"412939699","Utah, USA","857266721891037184","2017-04-26 16:14:48","@KELLI2L @lilscud1974 @IanMCohen @heyitsjonesey @AynRandPaulRyan @faster340 @realDonaldTrump Spend some time volunteering in HS to know more"
"123783038","salt lake city, ut","857265861773623296","2017-04-26 16:11:23","@realDonaldTrump Shut. The. Fuck. Up.
Be a president, stop whining/bragging.
Save your stroking for the course, not your ego"
"1013986122","utah","857264827730862080","2017-04-26 16:07:16","Trump flak with no chin talks of 2 tragic murders to justify draconian immigration measures while not mentioning 30,000 tragic gun deaths."
"16910582","Salt Lake City, UT","857264400062857216","2017-04-26 16:05:34","What Trump could do (undoing Obama-era designations) would threaten HUNDREDS OF MILLIONS OF ACRES of land."
"2342666472","Lives in Utah. ","857264367238209536","2017-04-26 16:05:27","@williamlegate @realDonaldTrump @FLOTUS Which pretty much confirms that she is off the charts miserable. Hail La Miserable!"
"316560481","Salt Lake City, UT","857263580609040388","2017-04-26 16:02:19","@juliaritchey @POTUS No and no"
"2342666472","Lives in Utah. ","857263088298360832","2017-04-26 16:00:22","@realDonaldTrump @FLOTUS Run Melania, run!!! And I mean far, far away, not for public office, just to be clear."
"18338352","Salt Lake City, Utah","857263067196870657","2017-04-26 16:00:17",".@GHughes51, @realDonaldTrump, @OrrinHatch and @UtahGOP can all eat my ass. #utpol"
"2342666472","Lives in Utah. ","857262638954201088","2017-04-26 15:58:34","@Impeach_D_Trump It says MAGA, but all I see is Maggot. The slimy spray-tanned worm is destroying our country. #Impeach the MF now!!!"
"843879457991544833","Salt Lake City, UT","857262310548578304","2017-04-26 15:57:16","@RepBrendanBoyle  but we need your help saving America from Trump"
"870861764","Utah, USA","857262098119671808","2017-04-26 15:56:26","@cviegas @RealJamesWoods @ACLU @AnnCoulter Trump whines about crowd size.  Add that to the picture."
"843879457991544833","Salt Lake City, UT","857261836789350400","2017-04-26 15:55:23","@NBCNews Oh my - just shut up Trump. How many times do we have to remind you CONSTITUTION and not OBSTRUCTION"
"843879457991544833","Salt Lake City, UT","857261436963180544","2017-04-26 15:53:48","@realDonaldTrump Maybe you should learn to shut-up &amp; quit bashing ourts. You might have had better chances-oh ya CONSTITUTION/OBSTRUCTION"
"3061974218","Salt Lake City, UT","857261203936034816","2017-04-26 15:52:52","@realDonaldTrump @FLOTUS How much are the taxpayers paying for her birthday bash and present?"
"843879457991544833","Salt Lake City, UT","857260273131855872","2017-04-26 15:49:10","@realDonaldTrump So you are going to re-stack/bribe  SCOTUS to rule in your favor, invite them to WH to smooch up to them &amp; keep whinning"
"17195746","Draper, Utah","857259621064429569","2017-04-26 15:46:35","@realDonaldTrump @FLOTUS ...he writes using a photo of himself in the center. What a dick."
"15711961","Salt Lake City","857259149381337088","2017-04-26 15:44:42","Guess it was a slip of the tongue, but Trump kept saying he was returning control to the people instead of giving it to corporations."
"2372118270","Salt Lake City, UT","857258991386189824","2017-04-26 15:44:05","BREAKING: @POTUS signs executive order with @OrrinHatch @GovHerbert @SpencerJCox in attendance."
"1063545620","Utah, USA","857258777665458176","2017-04-26 15:43:14","@realDonaldTrump @FLOTUS Happy birthday. We hope you have a fabulous day"
"36191695","Salt Lake City, Utah","857258750901501952","2017-04-26 15:43:07","Remarks by @POTUS are over and it was clear that #Utah was at the forefront of his thoughts on monuments #utpol @GovHerbert"
"36191695","Salt Lake City, Utah","857258440271347713","2017-04-26 15:41:53","Everyday we are going to push ahead with our reform agenda to put people back in control of their lives - @POTUS #utpol"
"14304553","Salt Lake City, Utah ","857258201389031424","2017-04-26 15:40:56","@realDonaldTrump Messy system vs. joke of a president!"
"77241120","Utah","857258177259229184","2017-04-26 15:40:51","Wow.  @realDonaldTrump says Bears Ears designation ""should have never happened"" and ""we are going to free it up"".  #utpol"
"4509971953","Utah, USA","857258124486594560","2017-04-26 15:40:38","Thank you @POTUS for hearing Utah and the abuse we have suffered by Obama!Native Americans have suffered enough! #BearsEars #AntiquitiesAct"
"14304553","Salt Lake City, Utah ","857258118006226944","2017-04-26 15:40:37","@realDonaldTrump YOU HURT THE ECONOMY!"
"14304553","Salt Lake City, Utah ","857258039614648320","2017-04-26 15:40:18","@realDonaldTrump, pay for your own wall - or have your supporters pay for it. None of us want to do it."
"36191695","Salt Lake City, Utah","857258034925518848","2017-04-26 15:40:17","Overall, the previous administration bypassed the states and put 265,000 acres of water and land under monument designation, #utpol @POTUS"
"15711961","Salt Lake City","857257902708449281","2017-04-26 15:39:45","Sounds like Trump wants to repeal the Antiquities act."
"36191695","Salt Lake City, Utah","857257811109195776","2017-04-26 15:39:23","""I also want to recognize @OrrinHatch and believe me he is tough,"" @POTUS says. Hatch pushed and prodded ""neverending"" #utpol"
"36191695","Salt Lake City, Utah","857257356517720064","2017-04-26 15:37:35","""Today I am signing an EO to end an egregious abuse of executive power,"" @POTUS #utpol"
"15853334","Salt Lake City (+ Silicon Val)","857257124333625344","2017-04-26 15:36:40","@Britdelea I have some new, unreleased data about small biz + Trump + taxes + Obamacare. Pls DM if interested."
"36191695","Salt Lake City, Utah","857257027290005504","2017-04-26 15:36:17","""Secretary Ryan Zinke is doing an incredible job. He never overlooks the details. He is a detail person,"" @Potus #utpol"
"14304553","Salt Lake City, Utah ","857256713480568835","2017-04-26 15:35:02","@realDonaldTrump, please do not blow up the planet. Please do not start WWIII. There are so many more ways to ""MAGA""."
"36191695","Salt Lake City, Utah","857256151053774848","2017-04-26 15:32:48","@Mike_Pence VP is speaking now about the 100 days under @POTUS @realDonaldTrump #utpol"
"2196646711","Utah, USA","857255234858434560","2017-04-26 15:29:09","@realDonaldTrump @FLOTUS Happy birthday Melania! We love you!"
"36191695","Salt Lake City, Utah","857251657721061376","2017-04-26 15:14:56","The @POTUS order reviews national monument designations going back to 1996 creation of Grand Staircase and ending with Bears Ears #utpol"
"251667263","swimming upstream in Utah","857251260285673472","2017-04-26 15:13:22","@AynRandPaulRyan NOTHING over 2 syllables.
""BIGLY"" is a stretch for 
.@realDonaldTrump"
"53569773","Salt Lake City, Utah","857248590871142400","2017-04-26 15:02:45","@realDonaldTrump @FLOTUS Happy birthday to a beautiful First Lady, wife, and mother!"
"833948329","Salt Lake City","857248401267728385","2017-04-26 15:02:00","@SpeakerRyan @POTUS Paul Ryan is a lyin son of a bitch"
"1480881013","Salt Lake City, UT","857247822013276164","2017-04-26 14:59:42","@realDonaldTrump @FLOTUS So old, time for an upgrade"
"2861931581","Kearns Utah","857247275386454017","2017-04-26 14:57:31","@realDonaldTrump @FLOTUS Happy birthday melania"
"769018433082195969","Utah, USA","857246707012304896","2017-04-26 14:55:16","@realDonaldTrump @FLOTUS Happy Birthday! So refreshing to have a beautiful lady in the White House!"
"37686587","Eagle Mountain, Utah","857246562329575424","2017-04-26 14:54:41","@realDonaldTrump @FLOTUS Her greatest gift is that you are nowhere near her."
"780613709290885121","Moab, Utah","857246316119810049","2017-04-26 14:53:43","@GangstaMimi @4everNeverTrump @POTUS @jasoninthehouse Good thinking! Lots of imported asbestos!"
"16581573","Salt Lake City","857245465053548544","2017-04-26 14:50:20","@RepChrisStewart @POTUS Save Bears Ears. Or lose your job. Up to you."
"70157127","Salt Lake City, UT","857245040153939968","2017-04-26 14:48:39","@GovHerbert, @RepChrisStewart, @OrrinHatch all joining @POTUS as he signs executive order to review #BearsEars, #GrandStaircase.@abc4utah"
"18235949","Utah, USA","857244138659495936","2017-04-26 14:45:04","@pashulman But Trump says the 100 day thing is not really a thing...as he rushes to list all his so called accomplishments"
"14941285","Cedar City, Utah ","857244046938558464","2017-04-26 14:44:42","Pres. Trump expected to sign executive order this morning reviewing Antiquities Act. @GovHerbert &amp; @RepChrisStewart expected to be there."
"1596215070","Utah","857244011093835776","2017-04-26 14:44:33","@realDonaldTrump Tell us another one Don, LOL  Nice hair!"
"800826184535838720","Utah, USA","857243410096201728","2017-04-26 14:42:10","@goergetakie @robbiebdaar @Distopos @GeorgeTakei Yell that... Trump did WHAT, exactly?"
"584453926","Saratoga Springs, Utah","857242396832055297","2017-04-26 14:38:08","@FLOTUS Happy Birthday Mrs. Trump"
"18493702","Salt Lake City, Utah","857241453545766914","2017-04-26 14:34:23","President Trump expected to sign executive order this morning reviewing Antiquities Act. @GovHerbert will be there. @fox13 #utpol"
"769240562561986560","Utah, USA","857241194581049344","2017-04-26 14:33:22","@POTUS Saturday is last of 100 days. I already know you could careless by what you said earlier ""what does it matter""homeless are homeless."
"823314695662616576","Salt Lake City, UT","857240486062338054","2017-04-26 14:30:33","@RepChrisStewart @POTUS Another useless EO that does something he could do with a single phone call!"
"584453926","Saratoga Springs, Utah","857237783982743553","2017-04-26 14:19:49","@realDonaldTrump End those trade deals."
"848853089595555841","Salt Lake City","857234714653974529","2017-04-26 14:07:37","what if donald trump has secretly been banksy the entire time"
"41422152","Utah, USA","857233983704190976","2017-04-26 14:04:43","@POTUS I have more trust for an unelected judge than for a president the US people elected against."
"823689518419046400","Utah, USA","857231304554725378","2017-04-26 13:54:04","@realDonaldTrump I have as much respect for the 9th Circuit as for the FBI. Drain the Swamp"
"780613709290885121","Moab, Utah","857230536678424576","2017-04-26 13:51:01","@4everNeverTrump @POTUS @jasoninthehouse Search warrants for Mar a Lago!"
"18235949","Utah, USA","857229941217165312","2017-04-26 13:48:39","@greta @jasoninthehouse @MSNBC Nice to see Jason finally found something to investigate...now, look into Trump/Russia collusion"
"833841024619409408","Utah, USA","857229428669022209","2017-04-26 13:46:37","@realDonaldTrump Helping addicts quit will solve these real human issues and make the US safer, and that is what makes a great president!"
"815626367391789056","Northern Utah","857229192349401088","2017-04-26 13:45:40","@TinaFra80898810 @realDonaldTrump Exactly!  And according to Sen. Grassley, looks like another Justice may retire by Summer!"
"22786791","Salt lake City. Ut","857228725401735169","2017-04-26 13:43:49","@danpfeiffer Is the Trump presidency, the biggest Ponzi scheme in history?"
"815626367391789056","Northern Utah","857228403690225664","2017-04-26 13:42:32","@TinaFra80898810 @realDonaldTrump Yep!  This is complete Bull Crap that an unelected Judge(s) get to rule our nation like Dictators!"
"2524897803","Salt Lake City, UT","857649322803904512","2017-04-27 17:35:07","@realDonaldTrump Oh my god, shut the Fuck up you lying bastard. Only your one toothed non educated followers believe that shit."
"415409674","Salt Lake City, UT","857647678175326208","2017-04-27 17:28:35","@realDonaldTrump As vain as you are, I would think you would want to avoid looking guilty of anything, unless you actually are."
"415409674","Salt Lake City, UT","857647506267570176","2017-04-27 17:27:54","@realDonaldTrump, by refusing to comply with the HOC investigation into Michael Flynn, it makes you look guilty of colluding with Russia."
"254238259","Salt Lake City, Utah","857647324230582272","2017-04-27 17:27:11","@Clintonite33 @realDonaldTrump I am taking Mike Pence to be the Scooter Libby of #RussiaGate"
"159358153","Salt Lake City, UT","857647100607176708","2017-04-27 17:26:17","@VP @POTUS @mauriciomacri @WhiteHouse Could he find Argentina on a map?"
"19263123","Salt Lake City, UT","857646781437431808","2017-04-27 17:25:01","@w_patrickdunn @paula_marie48 @Mike_P_Williams @realDonaldTrump You are so witty, it must be your standard issued libtard glasses."
"35875573","Utah, USA","857642281318273024","2017-04-27 17:07:08","@DailyCaller You guys keep tweeting shit about celebrities and their opinions on Trump.  Nobody really gives a fuck."
"833791777949700096","Salt Lake City, UT","857641622242185217","2017-04-27 17:04:31","@realDonaldTrump if you want to make the #military strong then get the #politicians out of the money!"
"453677645","St George, Utah","857699145515061248","2017-04-27 20:53:06","@DineshDSouza @realDonaldTrump it sounds like the tax code already favors what he does. If anything, the selfish move is stay status quo."
"224327335","Utah, USA","857698955882225664","2017-04-27 20:52:21","@sirwin9 @MattWalshBlog And millions voted for Trump. Terrible decisions were made by most Americans."
"22786791","Salt lake City. Ut","857698167181017088","2017-04-27 20:49:12","Does Trump only speak in superlatives?"
"250184352","Parts Unknown, Utah","857696916255133696","2017-04-27 20:44:14","@justkarl And/or loyal to a severe fault. Just look at him with Trump, too. And Roger Ailes has done a lot for him."
"31175653","Salt Lake City, UT","857695381383069696","2017-04-27 20:38:08","@realDonaldTrump @Interior Boo! You should see how beautiful Utah is before you and Hatch ruin it."
"2275494277","Utah, USA","857694872538673152","2017-04-27 20:36:07","@williamlegate @POTUS @DeptVetAffairs All you can do is bitch and whine no matter what he does....
Can you be anymore pathetic?"
"31175653","Salt Lake City, UT","857694665679687680","2017-04-27 20:35:18","@realDonaldTrump Tell us about wasting our tax dollars."
"1233021828","Salt Lake City, UT","857694187256336385","2017-04-27 20:33:24","@emojiDonalTrump @POTUS I cant believe you are still upset about losing the election"
"1206104102","Salt Lake City, UT","857693355479781376","2017-04-27 20:30:05","@CranBoonitz @InnerPartisan crazy that a free game about depression is what caused Trump to be elected."
"485410122","Lindon, Utah","857691515237187584","2017-04-27 20:22:47","Just remembered trump is president. Lol"
"29079295","Salt Lake City, UT","857689269342576640","2017-04-27 20:13:51","@ScottyG1280 He got the animation rights to Donald DUCK!?!??!"
"238458631","Utah, USA","857688494335942656","2017-04-27 20:10:46","@864in901 @godless_mom @realDonaldTrump To be fair his entire kitchen is probably littered with nothing but golden cups"
"390417524","Logan Utah","857687963043377152","2017-04-27 20:08:40","@DuchessofDrivel @tedlieu @puppymnkey @realDonaldTrump Oh yeah"
"870861764","Utah, USA","857687675154735104","2017-04-27 20:07:31","@FoxNews @PressSec Tired excuse.  Blame Obama.  Trump is going to accomplish nothing.  Not fit to be president."
"390417524","Logan Utah","857687654036406273","2017-04-27 20:07:26","@SophiaLamar1 @tedlieu @realDonaldTrump Boom"
"843316004100947969","Utah, USA","857686942212702208","2017-04-27 20:04:36","Trump seems to backing off on NAFTA also.  What the heck.  Start something then finish it.  I am feeling  a bit betrayed"
"1392604188","Salt Lake City, Utah","857685829820403712","2017-04-27 20:00:11","@ProPublica @metaquest @WhiteHouse Hold it, wait what? Trump had an ""ethics pledge""? You had to promise not to have any?"
"114846726","SLC Utah","857684242632892416","2017-04-27 19:53:53","@realDonaldTrump Of course you did. Pulling out would be stupid and cost Americans."
"114846726","SLC Utah","857683959995551744","2017-04-27 19:52:45","@realDonaldTrump Ah. The blame game again. Almost as fun as your threats to ruin someone."
"828341052268437505","Salt Lake City, UT","857683876826685441","2017-04-27 19:52:25","@SpeakerRyan Hmmm what about the $3MILLION per weekend we pay for Trump to golf and the $160,000 per day for Melania to live in New York!?"
"828341052268437505","Salt Lake City, UT","857683588455714816","2017-04-27 19:51:17","@FLOTUS @POTUS @WhiteHouse We know how nauseous that man makes you Melania. America feels for you."
"114846726","SLC Utah","857683475226284032","2017-04-27 19:50:50","@realDonaldTrump I love your blame game. I always try to figure out who you will blame before it comes out."
"828341052268437505","Salt Lake City, UT","857682653255933952","2017-04-27 19:47:34","@realDonaldTrump @FLOTUS @mauriciomacri @WhiteHouse All the nazis reunited!"
"2275494277","Utah, USA","857681981152342020","2017-04-27 19:44:53","@liberalgoddess @FLOTUS @POTUS @WhiteHouse The secret service get paid regardless or where they are."
"91699405","Grantsville, Utah","857680678103556096","2017-04-27 19:39:43","@CrimsonMariner @POTUS Love it!"
"1392604188","Salt Lake City, Utah","857674778060087296","2017-04-27 19:16:16","@JasonKander @LiberalJaxx LOL OMG @realDonaldTrump you R such a looser! R U exhausted from all this winning? Oh, sorry meant that 4 the DNC"
"1859272040","Utah, USA","857672896453328896","2017-04-27 19:08:47","@williamlegate @realDonaldTrump @FLOTUS @mauriciomacri @WhiteHouse Bull."
"1859272040","Utah, USA","857672845287018496","2017-04-27 19:08:35","@williamlegate @realDonaldTrump @FLOTUS @mauriciomacri @WhiteHouse Shut the heck up!
Get a job to fill up your empty hours!"
"1859272040","Utah, USA","857672679809208321","2017-04-27 19:07:56","@williamlegate @realDonaldTrump @FLOTUS @mauriciomacri @WhiteHouse Oh shut up!
Get a job to fill up your day!"
"808536907231727616","Utah, USA","857672397394124800","2017-04-27 19:06:48","@realDonaldTrump I agree  no America first"
"19151102","Salt Lake City, Utah  USA","857669636619292672","2017-04-27 18:55:50","@realDonaldTrump oh...and an explanation of YOUR #RUSSIA ties.   #RESIST"
"1138117213","Salt Lake City, Utah U.S.A.","857669022132744192","2017-04-27 18:53:24","@williamlegate The only guy that will criticize Trump or any RightWinger to the moon and back but will lick the boot of his Leftist masters"
"317912231","Utah","857668288670609408","2017-04-27 18:50:29","So Trump sign an exec order for @McDonalds to get rid of the best drink on the menu???? #SAVEORANGEHIC"
"30065849","SLC, Utah","857668166033358848","2017-04-27 18:50:00","@realDonaldTrump How about neither?  Cut spending."
"2275494277","Utah, USA","857666287635398657","2017-04-27 18:42:32","@Adrienn42232686 @williamlegate @realDonaldTrump Do you really think Willy pays attention to anything??"
"160426800","Utah","857665777406664704","2017-04-27 18:40:30","@DavidJollyFL The Trump administration has a clear and united message that is easily understood."
"2749841086","SLC, Utah","857664067531452416","2017-04-27 18:33:42","@sucks_jack @DeptVetAffairs @POTUS @AP Sorry to hear that."
"85462142","Salt Lake City, UT","857663993896292352","2017-04-27 18:33:25","@turnageb White House themed complaints about ""bring your kids to work day"" are still cool though, right?"
"160426800","Utah","857663708956196864","2017-04-27 18:32:17","Does @realDonaldTrump think ships are made from aluminum?"
"3837556572","Salt Lake City, UT","857662432562388992","2017-04-27 18:27:13","@thehill THE REAL ISSUE IS TRUMP RUSSIA!!"
"837126063570354176","Salt Lake City, UT","857660900626518016","2017-04-27 18:21:07","@maddow @stevebenen The Trump administration is all sizzle and no steak."
"924705229","Salt lake city ,Kolkata, India","857659596101492736","2017-04-27 18:15:56","@williamlegate @realDonaldTrump Democrats atleast never cared about them until Trump was elected"
"816789845490049024","Biggest Desert Possible, Utah ","857659521191235584","2017-04-27 18:15:39","@andersonDrLJA Wow! You even make Trump look intelligent! You are aware that Hillary has not been proven guilty of anything? Wake up!"
"198592178","Utah, USA","857659489385840640","2017-04-27 18:15:31","Nigerians should loan their country to Trump for two years n see changes"
"755544144408227840","Utah, USA","857654983210225664","2017-04-27 17:57:37","@realDonaldTrump Oh. This parks and monuments you threaten to open up to drilling and mining? Those?"
"2765452807","Salt Lake City, UT","857654787336093696","2017-04-27 17:56:50","@realDonaldTrump WHAT THE ACTUAL FUCK DO YOU MEAN BY REBUILD WE SPEND WAY TO MUCH"
"845436752420515840","Utah, USA","857654643593101312","2017-04-27 17:56:16","@realDonaldTrump No more bail outs!"
"2765452807","Salt Lake City, UT","857654291032547328","2017-04-27 17:54:52","@realDonaldTrump HOW CAN YOU BE SO FUCKING DUMB"
"1488337543","Utah","857653331845537793","2017-04-27 17:51:03","@x0rz I think that qualifies you for a position in the Trump cabinet."
"2524897803","Salt Lake City, UT","857650484055654400","2017-04-27 17:39:44","@realDonaldTrump Oops I meant shit"
"2524897803","Salt Lake City, UT","857649322803904512","2017-04-27 17:35:07","@realDonaldTrump Oh my god, shut the Fuck up you lying bastard. Only your one toothed non educated followers believe that shit."
"415409674","Salt Lake City, UT","857647678175326208","2017-04-27 17:28:35","@realDonaldTrump As vain as you are, I would think you would want to avoid looking guilty of anything, unless you actually are."
"415409674","Salt Lake City, UT","857647506267570176","2017-04-27 17:27:54","@realDonaldTrump, by refusing to comply with the HOC investigation into Michael Flynn, it makes you look guilty of colluding with Russia."
"254238259","Salt Lake City, Utah","857647324230582272","2017-04-27 17:27:11","@Clintonite33 @realDonaldTrump I am taking Mike Pence to be the Scooter Libby of #RussiaGate"
"159358153","Salt Lake City, UT","857647100607176708","2017-04-27 17:26:17","@VP @POTUS @mauriciomacri @WhiteHouse Could he find Argentina on a map?"
"19263123","Salt Lake City, UT","857646781437431808","2017-04-27 17:25:01","@w_patrickdunn @paula_marie48 @Mike_P_Williams @realDonaldTrump You are so witty, it must be your standard issued libtard glasses."
"35875573","Utah, USA","857642281318273024","2017-04-27 17:07:08","@DailyCaller You guys keep tweeting shit about celebrities and their opinions on Trump.  Nobody really gives a fuck."
"833791777949700096","Salt Lake City, UT","857641622242185217","2017-04-27 17:04:31","@realDonaldTrump if you want to make the #military strong then get the #politicians out of the money!"
"833791777949700096","Salt Lake City, UT","857641185787105280","2017-04-27 17:02:47","@realDonaldTrump coming from the guy who is defunding the #nationalparks this is just too ironic"
"799231994349625344","Salt Lake City, UT","857640509526818816","2017-04-27 17:00:06","President Trump, I love you!! No regrets. The new tax plan is a long time coming."
"348284120","Utah","857639498473013249","2017-04-27 16:56:05","@4ndyman Whenever Trump says ""Nobody ever heard of x,"" it really means ""I never heard of x."""
"845436752420515840","Utah, USA","857639472904654848","2017-04-27 16:55:59","@williamlegate @realDonaldTrump Lol. Looky here a pot calling a kettle black. ""Spew every thought"". Haha."
"2891047298","Great Salt Lake City","857639169090179072","2017-04-27 16:54:46","1/3 of the hits on the Regional charts in Mexico are about poker. Trump should have thought about this before attempting to bluff."
"870861764","Utah, USA","857638667413618690","2017-04-27 16:52:47","@amjoyshow @HuffPostPol Trump says a lot. He does so little."
"806470866154319875","Salt Lake City, UT","857638031523708931","2017-04-27 16:50:15","Mike Flynn under formal investigation by Pentagon over payments from Russia #trump #maga"
"817712420579897345","Utah, USA","857637669819432962","2017-04-27 16:48:49","@A_n_Elk @patagonia @POTUS So you are saying you have no idea what you are talking about."
"3837556572","Salt Lake City, UT","857637644104224769","2017-04-27 16:48:43","@realDonaldTrump Putting words in their mouths. Pretty certain no one wants that."
"837177237929521157","Utah, USA","857635901379235840","2017-04-27 16:41:47","@realDonaldTrump Quit hiding behind the Democrats for your own stupid mistakes!"
"445122506","Salt Lake City, UT, U.S.A.","857634347456888833","2017-04-27 16:35:37","@realDonaldTrump you got to understand that is not about who won the election but your attitude"
"837177237929521157","Utah, USA","857633996351479808","2017-04-27 16:34:13","@realDonaldTrump Quit blaming the Democrats, and start taking responsibilities for your own screw ups!"
"725111657446305792","Utah, USA","857633636882894849","2017-04-27 16:32:47","@realDonaldTrump If we put America first you must go because you put America second to you and your personal gain, you are the problem"
"823689518419046400","Utah, USA","857632610146582529","2017-04-27 16:28:42","@realDonaldTrump Drain the Swamp"
"2900861749","Salt Lake City, UT ","857631808447369216","2017-04-27 16:25:31","Do you remember the blissful days when you could open up your phone, scan your newsfeed and not see a disturbing story about Trump?"
"179607750","Tooele, Utah","857631370012631041","2017-04-27 16:23:47","@marklevinshow IT WILL BE GREAT IF POTUS IS ABLE TO GET RID OF THE 9TH DISTRICT (LEFTIST) COURT!!! HOPE HE CAN &amp; TAKES OUT MORE OF THEM!!!"
"179607750","Tooele, Utah","857628310754385924","2017-04-27 16:11:37","@realDonaldTrump YOU KNOW MR. PRESIDENT THAT THE DEMOCRATS ARE ""THE NEW PARTY OF NO"" FOLLOWING OBAMA/HILLARY/DNC/SOROS ""RESISTANCE"" ORDERS!!"
"533370212","Utah","857627873212907520","2017-04-27 16:09:53","@lisagabrieletv @realDonaldTrump how enlightening.....libtard fools!"
"37247463","Salt Lake City, Utah","857626831385575424","2017-04-27 16:05:45","@realDonaldTrump WTF? you think Democrats threaten to close them when you threaten to undesignated them? OMFG, you are looney."
"91699405","Grantsville, Utah","857626734073585665","2017-04-27 16:05:21","@paulsperry_ This is just disgusting. President Trump needs to get involved"
"305877707","Salt Lake City, UT","857626303557541888","2017-04-27 16:03:39","@RogerJHall2 @DTexasgal @fcwic1 @POTUS YOU SAID IT BETTER THAN I DID! THANKS!"
"35479555","Salt Lake City","857625974329942016","2017-04-27 16:02:20","@realDonaldTrump As the leader of the free world, how do you find the time to be such a tweethead? Please do some real work. Thank you."
"533370212","Utah","857625593952718852","2017-04-27 16:00:50","@bitchypolitics @w_patrickdunn @paula_marie48 @Mike_P_Williams @realDonaldTrump at least you got the bitch part correct..."
"845436752420515840","Utah, USA","857625478357635072","2017-04-27 16:00:22","@williamlegate @realDonaldTrump Black lung. Lol. You have a 100 year old vision of coal miners."
"533370212","Utah","857625442706112512","2017-04-27 16:00:14","@w_patrickdunn @paula_marie48 @Mike_P_Williams @realDonaldTrump no, but tge boys club gives it to you...."
"533370212","Utah","857625293187563520","2017-04-27 15:59:38","@Mike_P_Williams @paula_marie48 @realDonaldTrump read the memo about Trump being pres. He sets the agenda. You get that part right??"
"533370212","Utah","857625019114901504","2017-04-27 15:58:33","@Mike_P_Williams @realDonaldTrump oh dear...mikey is once again clueless....the dems lost. Trump won. Did u sgree w repubs with onama in wh?"
"20492438","Utah","857624823333359618","2017-04-27 15:57:46","@realDonaldTrump Thank you Mr. President!"
"20492438","Utah","857624770803900417","2017-04-27 15:57:33","@realDonaldTrump That would go a long way.  You know they are in bed with the drug lords of the FARC in Colombia, please do something!"
"18235949","Utah, USA","857624154635354112","2017-04-27 15:55:07","@KellyO @POTUS Flip flop and whoever talks to Trump last...if he had done all these flip flops during campaign, he would have lost bigly"
"20492438","Utah","857624093746749444","2017-04-27 15:54:52","@realDonaldTrump They are massacring the students and the youth there, and last night went into apartment buildings knocking down doors to"
"20492438","Utah","857623542392815618","2017-04-27 15:52:41","@realDonaldTrump Mr. President, as one of your minority of VENEZUELAN incondicional supporters, PLEASE do something about my native country"
"32760200","Utah","857623350901784576","2017-04-27 15:51:55","@realDonaldTrump disappointed to see you change your course from your campaign for president. #Syria #DefundPP #Borderwall #draintheswamp"
"533370212","Utah","857623311622184961","2017-04-27 15:51:46","@RobertMaguire_ @realDonaldTrump having the ability and having it deployed is not the same. Deployed actually takes money...fake"
"3165642036","Salt Lake City, UT","857623182919950336","2017-04-27 15:51:15","@realDonaldTrump And my fellow veterans"
"3165642036","Salt Lake City, UT","857622767339847680","2017-04-27 15:49:36","@realDonaldTrump Military of course"
"254238259","Salt Lake City, Utah","857621323727503360","2017-04-27 15:43:52","@blstradling @billoreilly @realDonaldTrump I saw Blue, he looked glorious!!"
"1470026786","salt lake city utah","857621164830621697","2017-04-27 15:43:14","@realDonaldTrump You are terrible"
"305877707","Salt Lake City, UT","857620645001150464","2017-04-27 15:41:10","@DTexasgal @fcwic1 @POTUS ANY JUDGE WHO DONATES 2 A POLITICAL PARTY SHOULD NEVER BE ALLOWED TO MAKE A JUDGEMENT ON POLITICS"
"1436692442","Northern Utah","857620606149206016","2017-04-27 15:41:00","@realDonaldTrump SIR, If our Healthcare is good for AMERICANS, SHOULD CONGRESS Be EXEMPT From IT?  Please Make them follow and participate!"
"481373053","Utah","857619666662903810","2017-04-27 15:37:16","@thehill 93 percent of Trump voters had a lot of lead paint in their homes as children too."
"847852740147503104","Utah, USA","857619617732333569","2017-04-27 15:37:05","@Tracie_Sullivan @POTUS @RepChrisStewart Chris Stewart is a full supporter of the Mad King. #utpol #savebearsears #monumentsmatter"
"843879457991544833","Salt Lake City, UT","857619000376795137","2017-04-27 15:34:38","@AP_Politics So trump wants to keep pushing there buttons..."
"91699405","Grantsville, Utah","857618685048922113","2017-04-27 15:33:22","@redsteeze One of the biggest mistakes Donald Trump has made was Priebus. Should have been fired after MSNBC fiasco."
"815626367391789056","Northern Utah","857618407969050624","2017-04-27 15:32:16","@kristiemacris @ScottPresler @realDonaldTrump Sorry, maybe i missed understood.  Doing too many conversations at one time.  BTW, cool dog."
"31719271","Utah","857617705960054784","2017-04-27 15:29:29","@NancyPelosi @HouseGOP @POTUS Where do you get your phony stats?"
"815626367391789056","Northern Utah","857617257979039745","2017-04-27 15:27:42","@kristiemacris @ScottPresler @realDonaldTrump You seem annoyed?"
"735831675674890242","Salt Lake City, UT","857617217604665347","2017-04-27 15:27:33","@realDonaldTrump @FLOTUS She hates you, we all know it"
"735831675674890242","Salt Lake City, UT","857617153687552000","2017-04-27 15:27:17","@realDonaldTrump Today you again took another step of destroying the planet"
"833991946880233472","Salt Lake City, UT","857617064671846400","2017-04-27 15:26:56","@StacyBrewer18 Trump is responsible for appointing &lt;2,000 @mitchellvii @oscarsammy8 are you ready 2b responsible for endorsing all of them?"
"735831675674890242","Salt Lake City, UT","857617002596155392","2017-04-27 15:26:41","@realDonaldTrump Better look, most people now like Obamacare  67% asshole"
"735831675674890242","Salt Lake City, UT","857616859306143745","2017-04-27 15:26:07","@realDonaldTrump You are so full of shit. Not even the republicans will back this POS plan of yours"
"735831675674890242","Salt Lake City, UT","857616702304944128","2017-04-27 15:25:30","@realDonaldTrump Impeaching you"
"815626367391789056","Northern Utah","857616225840414720","2017-04-27 15:23:36","@kristiemacris @ScottPresler @realDonaldTrump Thank you."
"815626367391789056","Northern Utah","857615510652899330","2017-04-27 15:20:46","@kristiemacris @ScottPresler @realDonaldTrump Let the Government shut down!"
"1392604188","Salt Lake City, Utah","857615422304038912","2017-04-27 15:20:25","@realDonaldTrump This ones on you dumb ass. GOP controls the WH, Senate and House. Nice try! Slither back in your hole"
"843879457991544833","Salt Lake City, UT","857615296651075585","2017-04-27 15:19:55","@realDonaldTrump Help with crapy insurance plan that will cost US citizens more. Republicans, WH and trump are problem"
"580054555","Salt Lake City, UT","857615051020132352","2017-04-27 15:18:56","President Trump"
"837394611106557953","Utah, USA","857614986591391744","2017-04-27 15:18:41","@realDonaldTrump While you are proposing to allow oil rigs in all National Parks"
"829480643285233664","Utah, USA","857614499423150081","2017-04-27 15:16:45","@BS_Momma @FoxNews @POTUS No doubt it should be protected, but 1.35M acres is complete overkill."
"14304553","Salt Lake City, Utah ","857613937000435712","2017-04-27 15:14:30","@realDonaldTrump Delete your account. You are quite bothersome &amp; boring. Not to mention quite disturbingly crazy."
"14304553","Salt Lake City, Utah ","857613708725374976","2017-04-27 15:13:36","@realDonaldTrump Hooray! Donald now has a new boogeyman under the bed to rail against!"
"15245409","Salt Lake City Ut","857613589951074305","2017-04-27 15:13:08","@realDonaldTrump @Interior Thank you!"
"848446914928320513","Utah, USA","857613150224474112","2017-04-27 15:11:23","@realDonaldTrump Agree 100% the law should be upheld and demos let the law be broken too much!!"
"848446914928320513","Utah, USA","857611876967915525","2017-04-27 15:06:19","@FLOTUS @WhiteHouse It was so great to see him consoling her .. very touching!! Hugs to the first family!!"
"15013530","Utah","858046710207086592","2017-04-28 19:54:12","@realDonaldTrump You have a pen and a BRAIN. Repeal Obamacare with executive order NOW! #MAGA @jerome_corsi"
"25636478","Salt Lake City, UT","858046538077143042","2017-04-28 19:53:31","You made ALL our beds when you continued to whine about emails but covered nothing critical on Trump. You did this."
"22737080","Utah, USA","858045766622998529","2017-04-28 19:50:27","@realDonaldTrump I call bullshit 45!"
"736821540","Utah","858044043917496320","2017-04-28 19:43:36","@ChrisMurphyCT @realDonaldTrump So, please tell us how you propose to keep guns out of the hands of criminals. I assume you have nothing."
"101833081","Utah","858042869503938560","2017-04-28 19:38:56","@SafetyPinDaily @AHeathensDay He can easily fix that ... please fix that @RealDonaldTrump, PLEASE resign and save us from more disgrace"
"242463076","Salt Lake City, Utah ","858042813547728897","2017-04-28 19:38:43","@ACLU work post 9/11 helps us stand up 4 Muslims (&amp; ppl assumed 2 b Muslim) in Trump Era of border stops,searches,detentions,  #ACLUCon17"
"740577573990604802","Salt Lake City, UT","858042496701652993","2017-04-28 19:37:27","@washingtonpost In other words, Trump is a racist pig and so are the other attendees of the NRA speech."
"31719271","Utah","858042477877616646","2017-04-28 19:37:23","@SenSanders @realDonaldTrump Nobody cares"
"91699405","Grantsville, Utah","858041545211170818","2017-04-28 19:33:40","@FoxNews @POTUS @NRA Benefactor life member. Proud of it!"
"91699405","Grantsville, Utah","858041370862288896","2017-04-28 19:32:59","@piersmorgan @POTUS Just when you were starting to show some sense. Disappointing"
"21290769","Salt Lake City","858040779478052864","2017-04-28 19:30:38","@SenSanders yes, thank you sanders voters that voted for Trump... YOU MOTHER FUCKING IDIOTS!! #msnbc"
"780765618","Utah","858040186575482880","2017-04-28 19:28:16","@BobbieHill @CBSNews @realDonaldTrump True colors from ""our gift from God"". He must make God cry."
"170154413","The Utah Territories","858040093302554624","2017-04-28 19:27:54","Is @realDonaldTrump pissed that he has way less twitter followers than @BarackObama @cnnbrk @jimmyfallon and like every other celebrity?"
"469098682","Utah","858039989023776772","2017-04-28 19:27:29","100 days in and STILL NO @50cent Bulletproof part 2 video game?!?!

@realDonaldTrump
#FlashbackFriday
#MakeVideoGamesGreatAgain
#VideoGames"
"392423020","Salt Lake City, UT","858039979406233600","2017-04-28 19:27:27","@NBCNightlyNews trump is an ignorant little bully and his words will come back to haunt him"
"1138117213","Salt Lake City, Utah U.S.A.","858039583950475264","2017-04-28 19:25:53","@realDonaldTrump Trump tweets
LeGate says something about golf and how he hates Trump
Rinse and repeat

#GetALife"
"305877707","Salt Lake City, UT","858039332573151232","2017-04-28 19:24:53","@RobertWorthley @ArtHalvorson @TheJusticeDept @POTUS @seanhannity GET THIS DISMISSED NOW!"
"18338352","Salt Lake City, Utah","858038063506882561","2017-04-28 19:19:50","Who is worse at their job,  @slcmayor or @realDonaldTrump? #utpol"
"815626367391789056","Northern Utah","858033778945646592","2017-04-28 19:02:49","@kaye_vx @POTUS It was a great speech!  The NRA crowd seemed to love it!"
"254541999","Salt Lake City","858033764966035457","2017-04-28 19:02:45",".@realDonaldTrump just kicked off #2020 campaign. Just remember, by their own rules, no #SCOTUS noms receive a hearing during an election."
"2910296536","Salt Lake City, Utah","858033365039108096","2017-04-28 19:01:10","@PoliticalShort And he just got a shout out from @POTUS for all of his good work."
"1586840149","Price, Utah","858032707237969922","2017-04-28 18:58:33","@realDonaldTrump Lying sack of crap!! You are the one killing coal mining!!"
"870861764","Utah, USA","858031847464476672","2017-04-28 18:55:08","@realDonaldTrump can i get an electoral map?  Thanks"
"2701917140","Salt Lake City, UT","858029778443620354","2017-04-28 18:46:55","Tomorrow is #100days of the #TrumpAdministration.  How you think @POTUS @realDonaldTrump has done at his job?  #POTUS #MAGA"
"1392604188","Salt Lake City, Utah","858028729431404545","2017-04-28 18:42:45","@SocialPowerOne1 Who knew! Besides everybody but Trump"
"843879457991544833","Salt Lake City, UT","858028193596534784","2017-04-28 18:40:37","@ericgeller @internetofshit Coke a Cola needs to stop delivering to WH and force trump to start drinking Pepsi."
"35586827","escaped Kalifornia, Utah now","858027884233068544","2017-04-28 18:39:23","@senorrinhatch @POTUS 4 decades in DC = time to retire."
"1045391658","Utah, USA","858027169766879233","2017-04-28 18:36:33","@Eric_P_Henn @Neil_Whiteley_ @BernieSanders @realDonaldTrump They gained more wealth than any time in history under Obama."
"769240562561986560","Utah, USA","858026922412048384","2017-04-28 18:35:34","P Trump is just blowing hot air, nothing is done except EX. Orders that do nothing our congress/senate do not work for US vote them out."
"323418112","Salt Lake City","858025903087116289","2017-04-28 18:31:31","#FyreFestival is the Trump Administration of musical festivals. And vice versa."
"3837556572","Salt Lake City, UT","858025650581647360","2017-04-28 18:30:31","@CNN Fuck. You. Trump. #sandyhook #santabarbara #columbine #trolleysquare"
"21290769","Salt Lake City","858025404975771648","2017-04-28 18:29:32","Lol, yes Trump Americans are dying to pay for ""illegal immigrants"" in jail. God that was a stupid idea!! #msnbc #cnn"
"40339531","Salt Lake City, Utah","858024792057942016","2017-04-28 18:27:06","BREAKING: After watching the trailer for The Interview, Donald admits that N. Korea is ""more complicated that I thought."""
"179607750","Tooele, Utah","858016873891450880","2017-04-28 17:55:38","@thehill NOT TRUE!!! IF POTUS WANTS TO MAKE JUDICIAL CHANGES DO TO INCOMPETENT, BIASED DECISIONS; HE CAN TAKE TO SUPREME COURT!!!"
"201813933","Salt Lake City, UT","858016624829497344","2017-04-28 17:54:39","President Donald Trump has nominated David Berhardt to be Deputy Secretary of the Interior."
"254541999","Salt Lake City","858013814935101440","2017-04-28 17:43:29","Hey @realDonaldTrump I miss your old life too."
"2597534192","Utah, USA","858013677651345408","2017-04-28 17:42:56","@nytpolitics Trump gets a non-medicated boner when he gets to salute. Melania going rogue militant in apartheid clothing."
"783273679769567233","Heber Utah","858008545270177792","2017-04-28 17:22:32","@realDonaldTrump big thank you for looking out for our service members. They deserve a president who has their back!!"
"991328138","Mascoutah, IL","858007095018442752","2017-04-28 17:16:47","@ABC @TheView Pleas, please go back. We the US have become a BIG JOKE. Because we have a JOKER in the White House"
"820013883947565056","Salt Lake City, UT","858006853858586624","2017-04-28 17:15:49","@nowthisnews Hey Trump take two weeks off, then quit"
"35586827","escaped Kalifornia, Utah now","858005189923545088","2017-04-28 17:09:12","@senorrinhatch @POTUS 4 decades in DC = time to retire."
